{
  "project_name": "ENS Subgraph",
  "short_name": "ens",
  "project_slug": "{{ cookiecutter.project_name.lower().replace(' ', '-') }}",
  "chain_id": 1,
  "network": "mainnet",
  "network_test": "goerli",
  "registry": false,
  "registry_name": null,
  "registry_address": null,
  "registry_start_block": null,
  "registry_address_test": null,
  "registry_start_block_test": null,
  "registry_abi": null,
  "resolver": false,
  "resolver_name": null,
  "resolver_start_block": null,
  "resolver_start_block_test": null,
  "resolver_abi": null,
  "controller": false,
  "controller_name": null,
  "controller_address": null,
  "controller_start_block": null,
  "controller_address_test": null,
  "controller_start_block_test": null,
  "controller_abi": null,
  "base": false,
  "base_name": null,
  "base_address": null,
  "base_start_block": null,
  "base_abi": null,
  "base_tld_hash": null,
  "base_tld": null,
  "base_address_test": null,
  "base_start_block_test": null
}